id;country_code;country_name
1;AF;Afghanistan
2;AX;Åland Islands
3;AL;Albania
4;DZ;Algeria
5;AS;American Samoa
6;AD;Andorra
7;AO;Angola
8;AI;Anguilla
9;AQ;Antarctica
10;AG;Antigua and Barbuda
11;AR;Argentina
12;AM;Armenia
13;AW;Aruba
14;AU;Australia
15;AT;Austria
16;AZ;Azerbaijan
17;BS;Bahamas
18;BH;Bahrain
19;BD;Bangladesh
20;BB;Barbados
21;BY;Belarus
22;BE;Belgium
23;BZ;Belize
24;BJ;Benin
25;BM;Bermuda
26;BT;Bhutan
27;BO;Bolivia, Plurinational State of
28;BA;Bosnia and Herzegovina
29;BW;Botswana
30;BV;Bouvet Island
31;BR;Brazil
32;IO;British Indian Ocean Territory
33;BN;Brunei Darussalam
34;BG;Bulgaria
35;BF;Burkina Faso
36;BI;Burundi
37;KH;Cambodia
38;CM;Cameroon
39;CA;Canada
40;CV;Cape Verde
41;KY;Cayman Islands
42;CF;Central African Republic
43;TD;Chad
44;CL;Chile
45;CN;China
46;CX;Christmas Island
47;CC;Cocos (Keeling) Islands
48;CO;Colombia
49;KM;Comoros
50;CG;Congo
51;CD;Congo, the Democratic Republic of the
52;CK;Cook Islands
53;CR;Costa Rica
54;CI;Côte d'Ivoire
55;HR;Croatia
56;CU;Cuba
57;CY;Cyprus
58;CZ;Czech Republic
59;DK;Denmark
60;DJ;Djibouti
61;DM;Dominica
62;DO;Dominican Republic
63;EC;Ecuador
64;EG;Egypt
65;SV;El Salvador
66;GQ;Equatorial Guinea
67;ER;Eritrea
68;EE;Estonia
69;ET;Ethiopia
70;FK;Falkland Islands (Malvinas)
71;FO;Faroe Islands
72;FJ;Fiji
73;FI;Finland
74;FR;France
75;GF;French Guiana
76;PF;French Polynesia
77;TF;French Southern Territories
78;GA;Gabon
79;GM;Gambia
80;GE;Georgia
81;DE;Germany
82;GH;Ghana
83;GI;Gibraltar
84;GR;Greece
85;GL;Greenland
86;GD;Grenada
87;GP;Guadeloupe
88;GU;Guam
89;GT;Guatemala
90;GG;Guernsey
91;GN;Guinea
92;GW;Guinea-Bissau
93;GY;Guyana
94;HT;Haiti
95;HM;Heard Island and McDonald Islands
96;VA;Holy See (Vatican City State)
97;HN;Honduras
98;HK;Hong Kong
99;HU;Hungary
100;IS;Iceland
101;IN;India
102;ID;Indonesia
103;IR;Iran, Islamic Republic of
104;IQ;Iraq
105;IE;Ireland
106;IM;Isle of Man
107;IL;Israel
108;IT;Italy
109;JM;Jamaica
110;JP;Japan
111;JE;Jersey
112;JO;Jordan
113;KZ;Kazakhstan
114;KE;Kenya
115;KI;Kiribati
116;KP;Korea, Democratic People's Republic of
117;KR;Korea, Republic of
118;KW;Kuwait
119;KG;Kyrgyzstan
120;LA;Lao People's Democratic Republic
121;LV;Latvia
122;LB;Lebanon
123;LS;Lesotho
124;LR;Liberia
125;LY;Libyan Arab Jamahiriya
126;LI;Liechtenstein
127;LT;Lithuania
128;LU;Luxembourg
129;MO;Macao
130;MK;Macedonia, the former Yugoslav Republic of
131;MG;Madagascar
132;MW;Malawi
133;MY;Malaysia
134;MV;Maldives
135;ML;Mali
136;MT;Malta
137;MH;Marshall Islands
138;MQ;Martinique
139;MR;Mauritania
140;MU;Mauritius
141;YT;Mayotte
142;MX;Mexico
143;FM;Micronesia, Federated States of
144;MD;Moldova, Republic of
145;MC;Monaco
146;MN;Mongolia
147;ME;Montenegro
148;MS;Montserrat
149;MA;Morocco
150;MZ;Mozambique
151;MM;Myanmar
152;NA;Namibia
153;NR;Nauru
154;NP;Nepal
155;NL;Netherlands
156;AN;Netherlands Antilles
157;NC;New Caledonia
158;NZ;New Zealand
159;NI;Nicaragua
160;NE;Niger
161;NG;Nigeria
162;NU;Niue
163;NF;Norfolk Island
164;MP;Northern Mariana Islands
165;NO;Norway
166;OM;Oman
167;PK;Pakistan
168;PW;Palau
169;PS;Palestinian Territory, Occupied
170;PA;Panama
171;PG;Papua New Guinea
172;PY;Paraguay
173;PE;Peru
174;PH;Philippines
175;PN;Pitcairn
176;PL;Poland
177;PT;Portugal
178;PR;Puerto Rico
179;QA;Qatar
180;RE;Réunion
181;RO;Romania
182;RU;Russian Federation
183;RW;Rwanda
184;BL;Saint Barthélemy
185;SH;Saint Helena, Ascension and Tristan da Cunha
186;KN;Saint Kitts and Nevis
187;LC;Saint Lucia
188;MF;Saint Martin (French part)
189;PM;Saint Pierre and Miquelon
190;VC;Saint Vincent and the Grenadines
191;WS;Samoa
192;SM;San Marino
193;ST;Sao Tome and Principe
194;SA;Saudi Arabia
195;SN;Senegal
196;RS;Serbia
197;SC;Seychelles
198;SL;Sierra Leone
199;SG;Singapore
200;SK;Slovakia
201;SI;Slovenia
202;SB;Solomon Islands
203;SO;Somalia
204;ZA;South Africa
205;GS;South Georgia and the South Sandwich Islands
206;ES;Spain
207;LK;Sri Lanka
208;SD;Sudan
209;SR;Suriname
210;SJ;Svalbard and Jan Mayen
211;SZ;Swaziland
212;SE;Sweden
213;CH;Switzerland
214;SY;Syrian Arab Republic
215;TW;Taiwan, Province of China
216;TJ;Tajikistan
217;TZ;Tanzania, United Republic of
218;TH;Thailand
219;TL;Timor-Leste
220;TG;Togo
221;TK;Tokelau
222;TO;Tonga
223;TT;Trinidad and Tobago
224;TN;Tunisia
225;TR;Turkey
226;TM;Turkmenistan
227;TC;Turks and Caicos Islands
228;TV;Tuvalu
229;UG;Uganda
230;UA;Ukraine
231;AE;United Arab Emirates
232;GB;United Kingdom
233;US;United States
234;UM;United States Minor Outlying Islands
235;UY;Uruguay
236;UZ;Uzbekistan
237;VU;Vanuatu
238;VE;Venezuela, Bolivarian Republic of
239;VN;Viet Nam
240;VG;Virgin Islands, British
241;VI;Virgin Islands, U.S.
242;WF;Wallis and Futuna
243;EH;Western Sahara
244;YE;Yemen
245;ZM;Zambia
246;ZW;Zimbabwe

