id;image_url;created_date;is_visible
67efeb0b-abd7-4c24-8f93-de66f075557c;JSON;2021-05-29T10:16:50;true
3d76f210-7c3d-49c9-80b4-967b6c24fbe7;XSS intangible;2021-05-29T15:00:25;false
ef63e9fb-566c-4e78-9b34-5b4125986f7d;Oman;2021-05-29T22:21:08;false
b9561d82-21c6-4ada-83f5-f8b14f3c6e1b;Shilling web-readiness National;2021-05-29T14:08:36;true
f82ca3c0-c65b-4031-9f6e-de1990806b32;cross-platform HTTP Incredible;2021-05-29T18:25:21;true
0849366a-fab1-4ec7-b665-f38271672a87;viral open-source;2021-05-29T04:06:13;false
b56ecfe7-5fab-47dc-a5e3-e92fd039d1e4;24/7 Fantastic payment;2021-05-29T20:02:07;true
4167ff5c-c869-4535-a350-f68fd280592a;Assistant Avon utilize;2021-05-29T10:17:28;false
31bc8118-58e7-48d1-b368-04e0b2282700;orange line;2021-05-29T16:37:19;false
6ed0a63e-2703-4091-a517-d91cde1e7be3;Wooden Intelligent;2021-05-29T15:58:05;false
