id;location;description
2f021351-ca98-420f-a708-187349d7a63f;array orange Unbranded;../fake-data/blob/hipster.txt
2490c053-24ec-4204-918d-b6666c50ece6;navigating;../fake-data/blob/hipster.txt
3f905378-6649-41c7-93af-d0f168411d02;Buckinghamshire;../fake-data/blob/hipster.txt
58eb287f-00e6-4235-b08c-e9f3b6af5045;Mayotte;../fake-data/blob/hipster.txt
a026d1a0-bb9d-4a47-807c-fb5d1ff379e2;payment;../fake-data/blob/hipster.txt
d2583089-0261-4375-b6ab-c86ca44134a3;radical;../fake-data/blob/hipster.txt
894fb4c0-a2ae-4b78-98e7-d89a31580214;client-driven directional;../fake-data/blob/hipster.txt
53460184-d41a-4f7d-82b3-d446287278fd;deposit neutral;../fake-data/blob/hipster.txt
e26da2d5-24c9-4298-b8e4-e725de74e7e0;Awesome;../fake-data/blob/hipster.txt
38427b6b-7d7e-4ac5-91a4-95a65c408fd9;Cliff;../fake-data/blob/hipster.txt
